{"baseline": 64.0, "left_uv_to_rect_x": [-0.7352006476542349, 1.4323174427620309, -0.7012325418823306, 0.35942064699650145, 0.20452732674777874, 0.04756801176436293, -0.12267454132058764, 0.13413784788066288, -0.1453939112343433, 0.04321993702014498, 0.2234700289974261, -0.16365578870462766, -0.04693261709770158, 0.38978281847763374, -0.5031403530088976, 0.3225036899213999], "left_uv_to_rect_y": [-0.6386391534575989, 0.42407256668963333, -0.5702046862563033, -0.03034248635478798, 1.2879238751009163, -0.5704528494098916, 0.5200123803636718, -0.0223292798675344, -0.5470853495694512, 0.20763564497446438, -0.1685253520670621, -0.02977872741662825, 0.37009636276950086, -0.21347922142137793, 0.17781606924281185, -0.03930520781178344], "right_uv_to_rect_x": [-0.7251994557862027, 1.9052788102049716, -1.098893672415464, 0.6461343246792834, 0.22275132992920355, -1.2855550493128156, 1.1700751388100121, -0.7595608335287982, -0.2840971220252475, 1.219159394657038, -1.307153613075071, 0.8071580781431047, 0.045699969554616415, -0.40374019306824915, 0.5329992750093968, -0.3349606456558861], "right_uv_to_rect_y": [-0.46246242347624783, 0.14327852440996935, 0.046926191236296544, 0.12036018735635529, 1.2878395383382462, -0.7688493627141001, 0.6874100281648682, -0.1938066384221407, -0.5369955010702843, 0.3746708177956812, -0.31566622967460073, 0.15142822654398283, 0.35951963298732836, -0.1804769186183198, 0.1562237859998635, -0.04899311358475246]}