{
    "leftEye": {
        "ellipseMinorAxis": 0.24494899809360505,
        "ellipseMajorAxis": 0.3099985122680664,
        "screenForward": {
            "x": 0.4569518268108368,
            "y": -0.34965166449546816,
            "z": 0.8178867697715759
        },
        "screenPosition": {
            "x": -0.07236944884061814,
            "y": -0.0011293105781078339,
            "z": 0.020335838198661805
        },
        "eyePosition": {
            "x": -0.03199996426701546,
            "y": 0.0,
            "z": 0.0
        },
        "cameraProjection": {
            "x": -0.699999988079071,
            "y": 0.699999988079071,
            "z": 0.30000001192092898,
            "w": -1.4299999475479127
        },
        "sphereToWorldSpace": {
            "e00": 0.05101081356406212,
            "e01": 0.06071339547634125,
            "e02": 0.29330453276634219,
            "e03": -0.11615142971277237,
            "e10": -3.650024504864291e-9,
            "e11": 0.23695313930511475,
            "e12": -0.0785590261220932,
            "e13": 0.031190812587738038,
            "e20": -0.23957861959934236,
            "e21": 0.012927023693919182,
            "e22": 0.06245008483529091,
            "e23": -0.05522952228784561,
            "e30": 0.0,
            "e31": 0.0,
            "e32": 0.0,
            "e33": 1.0
        },
        "worldToScreenSpace": {
            "e00": 3.112661600112915,
            "e01": 14.183714866638184,
            "e02": 4.3245849609375,
            "e03": 0.15333545207977296,
            "e10": -14.569746017456055,
            "e11": 0.6329750418663025,
            "e12": 8.41069221496582,
            "e13": -1.2247282266616822,
            "e20": 0.4569517970085144,
            "e21": -0.34965166449546816,
            "e22": 0.8178868293762207,
            "e23": 0.016042064875364305,
            "e30": 0.0,
            "e31": 0.0,
            "e32": 0.0,
            "e33": 1.0
        }
    },
    "rightEye": {
        "ellipseMinorAxis": 0.24494899809360505,
        "ellipseMajorAxis": 0.3099985122680664,
        "screenForward": {
            "x": -0.45695167779922488,
            "y": -0.3496516942977905,
            "z": 0.8178868293762207
        },
        "screenPosition": {
            "x": 0.0723695382475853,
            "y": -0.0011292919516563416,
            "z": 0.020335856825113298
        },
        "eyePosition": {
            "x": 0.032000038772821429,
            "y": 0.0,
            "z": 7.450580596923828e-9
        },
        "cameraProjection": {
            "x": -0.699999988079071,
            "y": 0.699999988079071,
            "z": 0.30000001192092898,
            "w": -1.4299999475479127
        },
        "sphereToWorldSpace": {
            "e00": 0.05101074278354645,
            "e01": -0.06071339175105095,
            "e02": -0.29330453276634219,
            "e03": 0.11615151911973953,
            "e10": 3.650024504864291e-9,
            "e11": 0.23695313930511475,
            "e12": -0.078559011220932,
            "e13": 0.03119080886244774,
            "e20": 0.23957861959934236,
            "e21": 0.01292700320482254,
            "e22": 0.06244999170303345,
            "e23": -0.05522952601313591,
            "e30": 0.0,
            "e31": 0.0,
            "e32": 0.0,
            "e33": 1.0
        },
        "worldToScreenSpace": {
            "e00": -3.112666606903076,
            "e01": 14.183713912963868,
            "e02": 4.324585914611816,
            "e03": 0.15333569049835206,
            "e10": -14.569747924804688,
            "e11": -0.6329814791679382,
            "e12": -8.410689353942871,
            "e13": 1.2247296571731568,
            "e20": -0.45695167779922488,
            "e21": -0.3496516942977905,
            "e22": 0.8178868889808655,
            "e23": 0.016042102128267289,
            "e30": 0.0,
            "e31": 0.0,
            "e32": 0.0,
            "e33": 1.0
        }
    },
    "leapTracker": {
        "name": "Leap Odometry Origin",
        "serial": "",
        "localPose": {
            "position": {
                "x": 0.0,
                "y": 0.042332619428634647,
                "z": 0.06944616138935089
            },
            "rotation": {
                "x": -0.08715568482875824,
                "y": -3.995021646829855e-9,
                "z": -4.003000242391863e-7,
                "w": -0.9961947202682495
            }
        }
    }
}