{
    "leftEye": {
        "ellipseMinorAxis": 0.24494899809360505,
        "ellipseMajorAxis": 0.309998482465744,
        "screenForward": {
            "x": 0.4470576047897339,
            "y": -0.3714407980442047,
            "z": 0.8137390613555908
        },
        "screenPosition": {
            "x": -0.07406342774629593,
            "y": -0.0013093948364257813,
            "z": 0.020150471478700639
        },
        "eyePosition": {
            "x": -0.03206716477870941,
            "y": 0.0,
            "z": 0.0
        },
        "cameraProjection": {
            "x": -0.699999988079071,
            "y": 0.699999988079071,
            "z": 0.30000001192092898,
            "w": -1.4299999475479127
        },
        "sphereToWorldSpace": {
            "e00": 0.0448269285261631,
            "e01": 0.061654601246118548,
            "e02": 0.2946052849292755,
            "e03": -0.11614206433296204,
            "e10": 0.0,
            "e11": 0.23678471148014069,
            "e12": -0.07936818152666092,
            "e13": 0.03183724358677864,
            "e20": -0.240812286734581,
            "e21": 0.011476934887468815,
            "e22": 0.054840441793203357,
            "e23": -0.051752254366874698,
            "e30": 0.0,
            "e31": 0.0,
            "e32": 0.0,
            "e33": 1.0
        },
        "worldToScreenSpace": {
            "e00": 3.2789113521575929,
            "e01": 14.05446720123291,
            "e02": 4.613936424255371,
            "e03": 0.16827726364135743,
            "e10": -14.611628532409668,
            "e11": 0.6727583408355713,
            "e12": 8.334525108337403,
            "e13": -1.249251127243042,
            "e20": 0.4470575749874115,
            "e21": -0.3714408278465271,
            "e22": 0.8137391209602356,
            "e23": 0.01622702181339264,
            "e30": 0.0,
            "e31": 0.0,
            "e32": 0.0,
            "e33": 1.0
        }
    },
    "rightEye": {
        "ellipseMinorAxis": 0.24494899809360505,
        "ellipseMajorAxis": 0.3099985122680664,
        "screenForward": {
            "x": -0.4216109812259674,
            "y": -0.41193535923957827,
            "z": 0.8078078031539917
        },
        "screenPosition": {
            "x": 0.075373075902462,
            "y": -0.0010411813855171204,
            "z": 0.020721755921840669
        },
        "eyePosition": {
            "x": 0.03206723928451538,
            "y": 0.0,
            "z": 7.450580596923828e-9
        },
        "cameraProjection": {
            "x": -0.699999988079071,
            "y": 0.699999988079071,
            "z": 0.30000001192092898,
            "w": -1.4299999475479127
        },
        "sphereToWorldSpace": {
            "e00": 0.04288816824555397,
            "e01": -0.06017143651843071,
            "e02": -0.2955572307109833,
            "e03": 0.11542043089866638,
            "e10": 1.8250122524321455e-9,
            "e11": 0.2372022420167923,
            "e12": -0.07734557241201401,
            "e13": 0.029909314587712289,
            "e20": 0.2411651313304901,
            "e21": 0.010700727812945843,
            "e22": 0.052561115473508838,
            "e23": -0.05250917375087738,
            "e30": 0.0,
            "e31": 0.0,
            "e32": 0.0,
            "e33": 1.0
        },
        "worldToScreenSpace": {
            "e00": -3.639396905899048,
            "e01": 13.784342765808106,
            "e02": 5.129745006561279,
            "e03": 0.1823672652244568,
            "e10": -14.720253944396973,
            "e11": -0.8635315299034119,
            "e12": -8.123143196105957,
            "e13": 1.276937484741211,
            "e20": -0.421610951423645,
            "e21": -0.41193535923957827,
            "e22": 0.8078078627586365,
            "e23": 0.014610011130571366,
            "e30": 0.0,
            "e31": 0.0,
            "e32": 0.0,
            "e33": 1.0
        }
    },
    "leapTracker": {
        "name": "Leap Provider",
        "serial": "",
        "localPose": {
            "position": {
                "x": 0.0,
                "y": 0.042332619428634647,
                "z": 0.06944616138935089
            },
            "rotation": {
                "x": 0.34202009439468386,
                "y": 0.0,
                "z": 0.0,
                "w": 0.9396926760673523
            }
        }
    }
}