{
    "leftEye": {
        "ellipseMinorAxis": 0.24494899809360505,
        "ellipseMajorAxis": 0.3099985122680664,
        "screenForward": {
            "x": 0.4553605318069458,
            "y": -0.35345640778541567,
            "z": 0.8171386122703552
        },
        "screenPosition": {
            "x": -0.07269852608442307,
            "y": -0.00045987963676452637,
            "z": 0.020337551832199098
        },
        "eyePosition": {
            "x": -0.03200000151991844,
            "y": -0.003,
            "z": -0.011
        },
        "cameraProjection": {
            "x": -0.699999988079071,
            "y": 0.699999988079071,
            "z": 0.30000001192092898,
            "w": -1.4299999475479127
        },
        "sphereToWorldSpace": {
            "e00": 0.04198940098285675,
            "e01": 0.06132563203573227,
            "e02": 0.29538393020629885,
            "e03": -0.11586064845323563,
            "e10": 0.0,
            "e11": 0.23690783977508546,
            "e12": -0.07877755910158158,
            "e13": 0.030104506760835649,
            "e20": -0.24132323265075684,
            "e21": 0.010670446790754795,
            "e22": 0.05139577016234398,
            "e23": -0.05176260694861412,
            "e30": 0.0,
            "e31": 0.0,
            "e32": 0.0,
            "e33": 1.0
        },
        "worldToScreenSpace": {
            "e00": 3.1707839965820314,
            "e01": 14.16052532196045,
            "e02": 4.358227252960205,
            "e03": 0.14838773012161256,
            "e10": -14.56839370727539,
            "e11": 0.673783540725708,
            "e12": 8.409863471984864,
            "e13": -1.2298269271850587,
            "e20": 0.45536044239997866,
            "e21": -0.35345637798309328,
            "e22": 0.817138671875,
            "e23": 0.01632288470864296,
            "e30": 0.0,
            "e31": 0.0,
            "e32": 0.0,
            "e33": 1.0
        }
    },
    "rightEye": {
        "ellipseMinorAxis": 0.24494899809360505,
        "ellipseMajorAxis": 0.3099985122680664,
        "screenForward": {
            "x": -0.44452327489852908,
            "y": -0.34595319628715517,
            "z": 0.8262660503387451
        },
        "screenPosition": {
            "x": 0.07372219115495682,
            "y": 0.0005832202732563019,
            "z": 0.019986726343631746
        },
        "eyePosition": {
            "x": 0.03200000151991844,
            "y": -0.003,
            "z": -0.011
        },
        "cameraProjection": {
            "x": -0.699999988079071,
            "y": 0.699999988079071,
            "z": 0.30000001192092898,
            "w": -1.4299999475479127
        },
        "sphereToWorldSpace": {
            "e00": 0.05206850543618202,
            "e01": -0.06139339879155159,
            "e02": -0.2927796542644501,
            "e03": 0.11543531715869904,
            "e10": 0.0,
            "e11": 0.23675407469272614,
            "e12": -0.07951446622610092,
            "e13": 0.031596094369888309,
            "e20": 0.23935094475746156,
            "e21": 0.013355543836951256,
            "e22": 0.0636914074420929,
            "e23": -0.05539942905306816,
            "e30": 0.0,
            "e31": 0.0,
            "e32": 0.0,
            "e33": 1.0
        },
        "worldToScreenSpace": {
            "e00": -3.207488536834717,
            "e01": 14.194775581359864,
            "e02": 4.217678070068359,
            "e03": 0.1438867449760437,
            "e10": -14.653090476989746,
            "e11": -0.8615384101867676,
            "e12": -8.243940353393555,
            "e13": 1.2455298900604249,
            "e20": -0.4445231258869171,
            "e21": -0.3459530472755432,
            "e22": 0.8262660503387451,
            "e23": 0.016458623111248018,
            "e30": 0.0,
            "e31": 0.0,
            "e32": 0.0,
            "e33": 1.0
        }
    },
    "leapTracker": {
        "name": "Leap Odometry Origin",
        "serial": "",
        "localPose": {
            "position": {
                "x": 0.0,
                "y": 0.042332619428634647,
                "z": 0.06944616138935089
            },
            "rotation": {
                "x": 0.34202009439468386,
                "y": 0.0,
                "z": 0.0,
                "w": 0.9396926760673523
            }
        }
    }
}
