{
  "leftEye": {
    "ellipseMinorAxis": 0.24494899809360505,
    "ellipseMajorAxis": 0.3099985122680664,
    "screenForward": {
      "x": 0.4416567087173462,
      "y": -0.35137003660202029,
      "z": 0.8255171179771423
    },
    "screenPosition": {
      "x": -0.0753132551908493,
      "y": -0.0007106345146894455,
      "z": 0.02017468400299549
    },
    "eyePosition": {
      "x": -0.03200000151991844,
      "y": -0.004,
      "z": -0.011
    },
    "eyeRotation": {
      "x": 0.0,
      "y": 8.881784197001253e-16,
      "z": 5.662137425588298e-15,
      "w": 1.0
    },
    "cameraProjection": {
      "x": -0.699999988079071,
      "y": 0.699999988079071,
      "z": 0.399999976158142,
      "w": -1.399999976158142
    },
    "sphereToWorldSpace": {
      "e00": 0.041844770312309268,
      "e01": 0.060146089643239978,
      "e02": 0.2958049476146698,
      "e03": -0.11590059101581574,
      "e10": -3.650024504864291e-9,
      "e11": 0.23722080886363984,
      "e12": -0.07725430279970169,
      "e13": 0.03025898151099682,
      "e20": -0.24134838581085206,
      "e21": 0.010428079403936863,
      "e22": 0.05128641799092293,
      "e23": -0.05173463374376297,
      "e30": 0.0,
      "e31": 0.0,
      "e32": 0.0,
      "e33": 1.0
    },
    "worldToScreenSpace": {
      "e00": 3.065415143966675,
      "e01": 14.17310619354248,
      "e02": 4.392570972442627,
      "e03": 0.1523195505142212,
      "e10": -14.715069770812989,
      "e11": 0.6561609506607056,
      "e12": 8.151938438415528,
      "e13": -1.2722362279891968,
      "e20": 0.44165676832199099,
      "e21": -0.35137006640434267,
      "e22": 0.8255172371864319,
      "e23": 0.01635836623609066,
      "e30": 0.0,
      "e31": 0.0,
      "e32": 0.0,
      "e33": 1.0
    }
  },
  "rightEye": {
    "ellipseMinorAxis": 0.24494899809360505,
    "ellipseMajorAxis": 0.3099985122680664,
    "screenForward": {
      "x": -0.4066588878631592,
      "y": -0.3112908899784088,
      "z": 0.858910083770752
    },
    "screenPosition": {
      "x": 0.07468196004629135,
      "y": 0.00012375960068311542,
      "z": 0.020087961107492448
    },
    "eyePosition": {
      "x": 0.03200000151991844,
      "y": -0.004,
      "z": -0.011
    },
    "eyeRotation": {
      "x": 0.0,
      "y": 8.881784197001253e-16,
      "z": 5.662137425588298e-15,
      "w": 1.0
    },
    "cameraProjection": {
      "x": -0.699999988079071,
      "y": 0.699999988079071,
      "z": 0.399999976158142,
      "w": -1.399999976158142
    },
    "sphereToWorldSpace": {
      "e00": 0.04721461609005928,
      "e01": -0.06128585338592529,
      "e02": -0.29413077235221865,
      "e03": 0.1137702465057373,
      "e10": 3.650024504864291e-9,
      "e11": 0.23685254156589509,
      "e12": -0.07904341071844101,
      "e13": 0.031613148748874667,
      "e20": 0.24035556614398957,
      "e21": 0.012038781307637692,
      "e22": 0.05777803063392639,
      "e23": -0.05327998846769333,
      "e30": 0.0,
      "e31": 0.0,
      "e32": 0.0,
      "e33": 1.0
    },
    "worldToScreenSpace": {
      "e00": -2.406158447265625,
      "e01": 14.39290714263916,
      "e02": 4.077137470245361,
      "e03": 0.09601399302482605,
      "e10": -15.145989418029786,
      "e11": -0.4540770947933197,
      "e12": -7.335577487945557,
      "e13": 1.2785451412200928,
      "e20": -0.4066588878631592,
      "e21": -0.3112908899784088,
      "e22": 0.858910083770752,
      "e23": 0.013154854997992516,
      "e30": 0.0,
      "e31": 0.0,
      "e32": 0.0,
      "e33": 1.0
    }
  },
  "leapTracker": {
    "name": "Leap Provider",
    "serial": "",
    "localPose": {
      "position": {
        "x": 0.0,
        "y": 0.042332619428634647,
        "z": 0.06944616138935089
      },
      "rotation": {
        "x": 0.3419966995716095,
        "y": 0.010988234542310238,
        "z": -0.0039993892423808579,
        "w": 0.9396284222602844
      }
    }
  }
}