{
    "leftEye": {
        "ellipseMinorAxis": 0.24494899809360505,
        "ellipseMajorAxis": 0.3099985122680664,
        "screenForward": {
            "x": 0.4593124985694885,
            "y": -0.35036152601242068,
            "z": 0.8162590265274048
        },
        "screenPosition": {
            "x": -0.0725548043847084,
            "y": -0.0013573004398494959,
            "z": 0.020259354263544084
        },
        "eyePosition": {
            "x": -0.03200000151991844,
            "y": -0.004,
            "z": -0.011
        },
        "cameraProjection": {
            "x": -0.699999988079071,
            "y": 0.699999988079071,
            "z": 0.30000001192092898,
            "w": -1.4299999475479127
        },
        "sphereToWorldSpace": {
            "e00": 0.04424441605806351,
            "e01": 0.061293840408325198,
            "e02": 0.2948668301105499,
            "e03": -0.11658868938684464,
            "e10": 0.0,
            "e11": 0.23688894510269166,
            "e12": -0.07886850088834763,
            "e13": 0.031576722860336307,
            "e20": -0.24091997742652894,
            "e21": 0.011256476864218712,
            "e22": 0.05415162816643715,
            "e23": -0.052375677973032,
            "e30": 0.0,
            "e31": 0.0,
            "e32": 0.0,
            "e33": 1.0
        },
        "worldToScreenSpace": {
            "e00": 3.069861650466919,
            "e01": 14.182205200195313,
            "e02": 4.359980583190918,
            "e03": 0.1536523401737213,
            "e10": -14.559921264648438,
            "e11": 0.5591209530830383,
            "e12": 8.432920455932618,
            "e13": -1.2264788150787354,
            "e20": 0.45931270718574526,
            "e21": -0.350361704826355,
            "e22": 0.8162594437599182,
            "e23": 0.01631290838122368,
            "e30": 0.0,
            "e31": 0.0,
            "e32": 0.0,
            "e33": 1.0
        }
    },
    "rightEye": {
        "ellipseMinorAxis": 0.24494899809360505,
        "ellipseMajorAxis": 0.309998482465744,
        "screenForward": {
            "x": -0.4407455027103424,
            "y": -0.3410080671310425,
            "z": 0.8303354382514954
        },
        "screenPosition": {
            "x": 0.07286234200000763,
            "y": -0.0014817980118095875,
            "z": 0.020207423716783525
        },
        "eyePosition": {
            "x": 0.03200000151991844,
            "y": -0.004,
            "z": -0.011
        },
        "cameraProjection": {
            "x": -0.699999988079071,
            "y": 0.699999988079071,
            "z": 0.30000001192092898,
            "w": -1.4299999475479127
        },
        "sphereToWorldSpace": {
            "e00": 0.05129716545343399,
            "e01": -0.0609654039144516,
            "e02": -0.2931407392024994,
            "e03": 0.11602598428726196,
            "e10": 0.0,
            "e11": 0.236881285905838,
            "e12": -0.07890523970127106,
            "e13": 0.032211095094680789,
            "e20": 0.2395174503326416,
            "e21": 0.013056887313723565,
            "e22": 0.06278160214424133,
            "e23": -0.05365552008152008,
            "e30": 0.0,
            "e31": 0.0,
            "e32": 0.0,
            "e33": 1.0
        },
        "worldToScreenSpace": {
            "e00": -2.484863042831421,
            "e01": 14.243193626403809,
            "e02": 4.530520439147949,
            "e03": 0.11060832440853119,
            "e10": -14.857300758361817,
            "e11": -0.07384958118200302,
            "e12": -7.916644096374512,
            "e13": 1.242403268814087,
            "e20": -0.4407455027103424,
            "e21": -0.3410080671310425,
            "e22": 0.8303354382514954,
            "e23": 0.014829503372311592,
            "e30": 0.0,
            "e31": 0.0,
            "e32": 0.0,
            "e33": 1.0
        }
    },
    "leapTracker": {
        "name": "Leap Provider",
        "serial": "",
        "localPose": {
            "position": {
                "x": 0.0,
                "y": 0.042332619428634647,
                "z": 0.06944616138935089
            },
            "rotation": {
                "x": 0.3583679795265198,
                "y": 0.0,
                "z": 0.0,
                "w": 0.9335804581642151
            }
        }
    }
}