{
  "leftEye": {
    "ellipseMinorAxis": 0.24494899809360505,
    "ellipseMajorAxis": 0.3099985122680664,
    "screenForward": {
      "x": 0.45744264125823977,
      "y": -0.36428526043891909,
      "z": 0.8111982345581055
    },
    "screenPosition": {
      "x": -0.07331901788711548,
      "y": -0.007715512067079544,
      "z": 0.019123300909996034
    },
    "eyePosition": {
      "x": -0.03200000151991844,
      "y": -0.004,
      "z": -0.011
    },
    "eyeRotation": {
      "x": 0.0,
      "y": 1.776356733521132e-15,
      "z": 1.1241009818395605e-14,
      "w": 1.0
    },
    "cameraProjection": {
      "x": -0.699999988079071,
      "y": 0.699999988079071,
      "z": 0.30000001192092898,
      "w": -1.399999976158142
    },
    "sphereToWorldSpace": {
      "e00": 0.05101080238819122,
      "e01": 0.06071348488330841,
      "e02": 0.29330453276634219,
      "e03": -0.11484238505363465,
      "e10": 1.8250122524321455e-9,
      "e11": 0.23695310950279237,
      "e12": -0.07855913788080216,
      "e13": 0.024349942803382875,
      "e20": -0.23957861959934236,
      "e21": 0.012927048839628697,
      "e22": 0.062450066208839419,
      "e23": -0.0539432018995285,
      "e30": 0.0,
      "e31": 0.0,
      "e32": 0.0,
      "e33": 1.0
    },
    "worldToScreenSpace": {
      "e00": 3.2168262004852297,
      "e01": 14.099970817565918,
      "e02": 4.517880439758301,
      "e03": 0.2582462430000305,
      "e10": -14.537410736083985,
      "e11": 0.603125810623169,
      "e12": 8.468631744384766,
      "e13": -1.2231634855270386,
      "e20": 0.45744258165359499,
      "e21": -0.3642852306365967,
      "e22": 0.8111984729766846,
      "e23": 0.01521579921245575,
      "e30": 0.0,
      "e31": 0.0,
      "e32": 0.0,
      "e33": 1.0
    }
  },
  "rightEye": {
    "ellipseMinorAxis": 0.24494899809360505,
    "ellipseMajorAxis": 0.3099985122680664,
    "screenForward": {
      "x": -0.3892785906791687,
      "y": -0.34896111488342287,
      "z": 0.8524602651596069
    },
    "screenPosition": {
      "x": 0.07261908799409867,
      "y": -0.009829983115196228,
      "z": 0.0202421136200428
    },
    "eyePosition": {
      "x": 0.03200000151991844,
      "y": -0.004,
      "z": -0.011
    },
    "eyeRotation": {
      "x": 0.0,
      "y": 1.776356733521132e-15,
      "z": 1.1241009818395605e-14,
      "w": 1.0
    },
    "cameraProjection": {
      "x": -0.699999988079071,
      "y": 0.699999988079071,
      "z": 0.30000001192092898,
      "w": -1.399999976158142
    },
    "sphereToWorldSpace": {
      "e00": 0.05101081356406212,
      "e01": -0.060713451355695727,
      "e02": -0.29330453276634219,
      "e03": 0.11339158564805985,
      "e10": 0.0,
      "e11": 0.23695312440395356,
      "e12": -0.07855910062789917,
      "e13": 0.024239182472229005,
      "e20": 0.23957861959934236,
      "e21": 0.0129270413890481,
      "e22": 0.062450066208839419,
      "e23": -0.053084347397089007,
      "e30": 0.0,
      "e31": 0.0,
      "e32": 0.0,
      "e33": 1.0
    },
    "worldToScreenSpace": {
      "e00": -3.000795841217041,
      "e01": 14.174613952636719,
      "e02": 4.432162761688232,
      "e03": 0.2675350308418274,
      "e10": -15.144388198852539,
      "e11": -0.9252393245697022,
      "e12": -7.2944793701171879,
      "e13": 1.2383322715759278,
      "e20": -0.38927847146987917,
      "e21": -0.3489610552787781,
      "e22": 0.8524603843688965,
      "e23": 0.007583171129226685,
      "e30": 0.0,
      "e31": 0.0,
      "e32": 0.0,
      "e33": 1.0
    }
  },
  "leapTracker": {
    "name": "Leap Odometry Origin",
    "serial": "",
    "localPose": {
      "position": {
        "x": 0.0,
        "y": 0.033981744199991229,
        "z": 0.07902515679597855
      },
      "rotation": {
        "x": 0.34202009439468386,
        "y": 1.6940658945086007e-21,
        "z": -3.3881317890172014e-21,
        "w": 0.9396926760673523
      }
    }
  }
}