{
  "leftEye": {
    "ellipseMinorAxis": 0.24494899809360505,
    "ellipseMajorAxis": 0.3099985420703888,
    "screenForward": {
      "x": 0.44800519943237307,
      "y": -0.3587149679660797,
      "z": 0.8189108967781067
    },
    "screenPosition": {
      "x": -0.07312537729740143,
      "y": -0.0003568265528883785,
      "z": 0.019580082967877389
    },
    "eyePosition": {
      "x": -0.03200000151991844,
      "y": 0.0,
      "z": 0.0
    },
    "eyeRotation": {
      "x": 0.0,
      "y": 1.7763568394002506e-15,
      "z": 1.1241009818395605e-14,
      "w": 1.0
    },
    "cameraProjection": {
      "x": -0.699999988079071,
      "y": 0.699999988079071,
      "z": 0.3,
      "w": -1.399999976158142
    },
    "sphereToWorldSpace": {
      "e00": 0.043762098997831348,
      "e01": 0.06322123855352402,
      "e02": 0.2943298816680908,
      "e03": -0.11402727663516998,
      "e10": -3.650024504864291e-9,
      "e11": 0.23637111485004426,
      "e12": -0.08131883293390274,
      "e13": 0.03075617365539074,
      "e20": -0.24100810289382935,
      "e21": 0.01147967204451561,
      "e22": 0.05344422906637192,
      "e23": -0.05286761000752449,
      "e30": 0.0,
      "e31": 0.0,
      "e32": 0.0,
      "e33": 1.0
    },
    "worldToScreenSpace": {
      "e00": 3.0472614765167238,
      "e01": 14.135380744934082,
      "e02": 4.524770259857178,
      "e03": 0.13928064703941346,
      "e10": -14.66524600982666,
      "e11": 0.5203505158424377,
      "e12": 8.250914573669434,
      "e13": -1.2337697744369507,
      "e20": 0.4480051100254059,
      "e21": -0.35871490836143496,
      "e22": 0.8189108967781067,
      "e23": 0.01659819670021534,
      "e30": 0.0,
      "e31": 0.0,
      "e32": 0.0,
      "e33": 1.0
    }
  },
  "rightEye": {
    "ellipseMinorAxis": 0.24494899809360505,
    "ellipseMajorAxis": 0.3099985122680664,
    "screenForward": {
      "x": -0.41386863589286806,
      "y": -0.3148425221443176,
      "z": 0.8541586399078369
    },
    "screenPosition": {
      "x": 0.07263734936714173,
      "y": -0.0014235911658033729,
      "z": 0.02100222371518612
    },
    "eyePosition": {
      "x": 0.03200000151991844,
      "y": 0.0,
      "z": 0.0
    },
    "eyeRotation": {
      "x": 0.0,
      "y": 1.7763568394002506e-15,
      "z": 1.1241009818395605e-14,
      "w": 1.0
    },
    "cameraProjection": {
      "x": -0.699999988079071,
      "y": 0.699999988079071,
      "z": 0.3,
      "w": -1.399999976158142
    },
    "sphereToWorldSpace": {
      "e00": 0.047138940542936328,
      "e01": -0.0636531412601471,
      "e02": -0.2933439314365387,
      "e03": 0.11402775347232819,
      "e10": -3.650024504864291e-9,
      "e11": 0.23620428144931794,
      "e12": -0.0820915475487709,
      "e13": 0.031056536361575128,
      "e20": 0.24037045240402223,
      "e21": 0.012482999823987484,
      "e22": 0.05752755329012871,
      "e23": -0.05212177336215973,
      "e30": 0.0,
      "e31": 0.0,
      "e32": 0.0,
      "e33": 1.0
    },
    "worldToScreenSpace": {
      "e00": -2.3201003074645998,
      "e01": 14.378732681274414,
      "e02": 4.175827980041504,
      "e03": 0.10129370540380478,
      "e10": -15.107159614562989,
      "e11": -0.28165608644485476,
      "e12": -7.423746585845947,
      "e13": 1.2528581619262696,
      "e20": -0.41386866569519045,
      "e21": -0.31484249234199526,
      "e22": 0.8541585803031921,
      "e23": 0.011674884706735611,
      "e30": 0.0,
      "e31": 0.0,
      "e32": 0.0,
      "e33": 1.0
    }
  },
  "leapTracker": {
    "name": "Leap Provider",
    "serial": "",
    "localPose": {
      "position": {
        "x": 0.0,
        "y": 0.042332619428634647,
        "z": 0.06944616138935089
      },
      "rotation": {
        "x": 0.3508450388908386,
        "y": -0.008988979272544384,
        "z": 0.0033679837360978128,
        "w": 0.9363843202590942
      }
    }
  }
}