{
  "leftEye": {
    "ellipseMinorAxis": 0.24494899809360505,
    "ellipseMajorAxis": 0.3099985420703888,
    "screenForward": {
      "x": 0.24920548498630525,
      "y": -0.29289695620536806,
      "z": 0.9230970144271851
    },
    "screenPosition": {
      "x": -0.08098708838224411,
      "y": -0.00477176159620285,
      "z": 0.00840342789888382
    },
    "eyePosition": {
      "x": -0.03200000151991844,
      "y": 0.0,
      "z": -7.450580596923828e-9
    },
    "eyeRotation": {
      "x": 0.0,
      "y": 1.776356733521132e-15,
      "z": 1.1241009818395605e-14,
      "w": 1.0
    },
    "cameraProjection": {
      "x": -0.699999988079071,
      "y": 0.699999988079071,
      "z": 0.30000001192092898,
      "w": -1.399999976158142
    },
    "sphereToWorldSpace": {
      "e00": 0.045647893100976947,
      "e01": 0.0613386332988739,
      "e02": 0.29450908303260805,
      "e03": -0.11654042452573776,
      "e10": 3.650024504864291e-9,
      "e11": 0.23685906827449799,
      "e12": -0.07901205867528916,
      "e13": 0.025312989950180055,
      "e20": -0.2406580150127411,
      "e21": 0.01163468323647976,
      "e22": 0.05586232244968414,
      "e23": -0.052903883159160617,
      "e30": 0.0,
      "e31": 0.0,
      "e32": 0.0,
      "e33": 1.0
    },
    "worldToScreenSpace": {
      "e00": 1.880781650543213,
      "e01": 14.469199180603028,
      "e02": 4.0833001136779789,
      "e03": 0.1870487928390503,
      "e10": -16.169403076171876,
      "e11": 0.7984029054641724,
      "e12": 4.618531227111816,
      "e13": -1.3445146083831788,
      "e20": 0.24920539557933808,
      "e21": -0.29289695620536806,
      "e22": 0.9230970144271851,
      "e23": 0.011027604341506958,
      "e30": 0.0,
      "e31": 0.0,
      "e32": 0.0,
      "e33": 1.0
    }
  },
  "rightEye": {
    "ellipseMinorAxis": 0.24494899809360505,
    "ellipseMajorAxis": 0.3099985122680664,
    "screenForward": {
      "x": -0.24659404158592225,
      "y": -0.273956835269928,
      "z": 0.9295908212661743
    },
    "screenPosition": {
      "x": 0.0798535943031311,
      "y": -0.004560966044664383,
      "z": 0.009524241089820862
    },
    "eyePosition": {
      "x": 0.03200000151991844,
      "y": 0.0,
      "z": -7.450580596923828e-9
    },
    "eyeRotation": {
      "x": 0.0,
      "y": 1.776356733521132e-15,
      "z": 1.1241009818395605e-14,
      "w": 1.0
    },
    "cameraProjection": {
      "x": -0.699999988079071,
      "y": 0.699999988079071,
      "z": 0.30000001192092898,
      "w": -1.399999976158142
    },
    "sphereToWorldSpace": {
      "e00": 0.05232333391904831,
      "e01": -0.060918740928173068,
      "e02": -0.29286569356918337,
      "e03": 0.11622174084186554,
      "e10": 0.0,
      "e11": 0.2368786334991455,
      "e12": -0.07891802489757538,
      "e13": 0.02436647191643715,
      "e20": 0.23929539322853089,
      "e21": 0.013320242054760456,
      "e22": 0.0640367865562439,
      "e23": -0.05578691512346268,
      "e30": 0.0,
      "e31": 0.0,
      "e32": 0.0,
      "e33": 1.0
    },
    "worldToScreenSpace": {
      "e00": -2.1342244148254396,
      "e01": 14.532699584960938,
      "e02": 3.716737747192383,
      "e03": 0.20130950212478639,
      "e10": -16.141876220703126,
      "e11": -1.186034083366394,
      "e12": -4.631512641906738,
      "e13": 1.3276891708374024,
      "e20": -0.24659396708011628,
      "e21": -0.2739568054676056,
      "e22": 0.9295908808708191,
      "e23": 0.009588256478309632,
      "e30": 0.0,
      "e31": 0.0,
      "e32": 0.0,
      "e33": 1.0
    }
  },
  "leapTracker": {
    "name": "Leap Odometry Origin",
    "serial": "",
    "localPose": {
      "position": {
        "x": 0.0,
        "y": 0.033981744199991229,
        "z": 0.07902515679597855
      },
      "rotation": {
        "x": 0.34202009439468386,
        "y": 1.6940658945086007e-21,
        "z": -3.3881317890172014e-21,
        "w": 0.9396926760673523
      }
    }
  }
}