{
  "leftEye": {
    "ellipseMinorAxis": 0.24494899809360505,
    "ellipseMajorAxis": 0.3099985122680664,
    "screenForward": {
      "x": 0.30577415227890017,
      "y": -0.19586288928985597,
      "z": 0.9317402839660645
    },
    "screenPosition": {
      "x": -0.07816465944051743,
      "y": -0.004516215063631535,
      "z": 0.012407547794282437
    },
    "eyePosition": {
      "x": -0.03200000151991844,
      "y": -0.004,
      "z": -0.011
    },
    "eyeRotation": {
      "x": 0.0,
      "y": 8.881784197001253e-16,
      "z": 5.662137425588298e-15,
      "w": 1.0
    },
    "cameraProjection": {
      "x": -0.699999988079071,
      "y": 0.699999988079071,
      "z": 0.30000001192092898,
      "w": -1.399999976158142
    },
    "sphereToWorldSpace": {
      "e00": 0.04729123413562775,
      "e01": 0.06163609400391579,
      "e02": 0.29399383068084719,
      "e03": -0.11527682095766068,
      "e10": -3.650024504864291e-9,
      "e11": 0.2367570847272873,
      "e12": -0.07950011640787125,
      "e13": 0.024198148399591447,
      "e20": -0.2403404861688614,
      "e21": 0.012127992697060109,
      "e22": 0.0578484833240509,
      "e23": -0.05351889133453369,
      "e30": 0.0,
      "e31": 0.0,
      "e32": 0.0,
      "e33": 1.0
    },
    "worldToScreenSpace": {
      "e00": 1.3166273832321168,
      "e01": 14.852548599243164,
      "e02": 2.6900975704193117,
      "e03": 0.13661351799964906,
      "e10": -15.961790084838868,
      "e11": 0.4491029381752014,
      "e12": 5.332672119140625,
      "e13": -1.311785101890564,
      "e20": 0.30577415227890017,
      "e21": -0.19586285948753358,
      "e22": 0.9317402839660645,
      "e23": 0.01145556103438139,
      "e30": 0.0,
      "e31": 0.0,
      "e32": 0.0,
      "e33": 1.0
    }
  },
  "rightEye": {
    "ellipseMinorAxis": 0.24494899809360505,
    "ellipseMajorAxis": 0.3099985122680664,
    "screenForward": {
      "x": -0.2666413486003876,
      "y": -0.20720045268535615,
      "z": 0.9412599802017212
    },
    "screenPosition": {
      "x": 0.07854967564344406,
      "y": -0.004569378215819597,
      "z": 0.012028135359287262
    },
    "eyePosition": {
      "x": 0.03200000151991844,
      "y": -0.004,
      "z": -0.011
    },
    "eyeRotation": {
      "x": 0.0,
      "y": 8.881784197001253e-16,
      "z": 5.662137425588298e-15,
      "w": 1.0
    },
    "cameraProjection": {
      "x": -0.699999988079071,
      "y": 0.699999988079071,
      "z": 0.30000001192092898,
      "w": -1.399999976158142
    },
    "sphereToWorldSpace": {
      "e00": 0.05079600587487221,
      "e01": -0.061176199465990069,
      "e02": -0.2932102084159851,
      "e03": 0.11515989899635315,
      "e10": -1.8250122524321455e-9,
      "e11": 0.23683181405067445,
      "e12": -0.07914277911186218,
      "e13": 0.02509930729866028,
      "e20": 0.2396242469549179,
      "e21": 0.012968248687684536,
      "e22": 0.062155257910490039,
      "e23": -0.054720696061849597,
      "e30": 0.0,
      "e31": 0.0,
      "e32": 0.0,
      "e33": 1.0
    },
    "worldToScreenSpace": {
      "e00": -1.747004508972168,
      "e01": 14.794869422912598,
      "e02": 2.7619149684906008,
      "e03": 0.1716092973947525,
      "e10": -16.10898780822754,
      "e11": -1.0088274478912354,
      "e12": -4.785449028015137,
      "e13": 1.3183058500289918,
      "e20": -0.26664137840270998,
      "e21": -0.20720049738883973,
      "e22": 0.9412602186203003,
      "e23": 0.008676211349666119,
      "e30": 0.0,
      "e31": 0.0,
      "e32": 0.0,
      "e33": 1.0
    }
  },
  "leapTracker": {
    "name": "Leap Provider",
    "serial": "",
    "localPose": {
      "position": {
        "x": 0.0,
        "y": 0.033981744199991229,
        "z": 0.07902515679597855
      },
      "rotation": {
        "x": 0.3583679795265198,
        "y": 0.0,
        "z": 0.0,
        "w": 0.9335804581642151
      }
    }
  }
}
