{
  "leftEye": {
    "ellipseMinorAxis": 0.24494899809360505,
    "ellipseMajorAxis": 0.3099985122680664,
    "screenForward": {
      "x": 0.4337206482887268,
      "y": -0.3752792179584503,
      "z": 0.8191776275634766
    },
    "screenPosition": {
      "x": -0.06998784095048905,
      "y": -0.008319606073200703,
      "z": 0.020032936707139016
    },
    "eyePosition": {
      "x": -0.03200000151991844,
      "y": 0.0,
      "z": 0.0
    },
    "eyeRotation": {
      "x": 0.0,
      "y": 8.881784197001253e-16,
      "z": 5.662137425588298e-15,
      "w": 1.0
    },
    "cameraProjection": {
      "x": -0.699999988079071,
      "y": 0.699999988079071,
      "z": 0.30000001192092898,
      "w": -1.399999976158142
    },
    "sphereToWorldSpace": {
      "e00": 0.051010843366384509,
      "e01": 0.06071345508098602,
      "e02": 0.2933045029640198,
      "e03": -0.11172870546579361,
      "e10": -1.8250122524321455e-9,
      "e11": 0.23695310950279237,
      "e12": -0.07855910807847977,
      "e13": 0.022635702043771745,
      "e20": -0.23957860469818116,
      "e21": 0.012927050702273846,
      "e22": 0.0624501034617424,
      "e23": -0.0534629225730896,
      "e30": 0.0,
      "e31": 0.0,
      "e32": 0.0,
      "e33": 1.0
    },
    "worldToScreenSpace": {
      "e00": 3.0360543727874758,
      "e01": 14.038566589355469,
      "e02": 4.8238396644592289,
      "e03": 0.23264655470848084,
      "e10": -14.789297103881836,
      "e11": 0.4387443959712982,
      "e12": 8.031316757202149,
      "e13": -1.1923117637634278,
      "e20": 0.4337206482887268,
      "e21": -0.3752792179584503,
      "e22": 0.8191776275634766,
      "e23": 0.010822463780641556,
      "e30": 0.0,
      "e31": 0.0,
      "e32": 0.0,
      "e33": 1.0
    }
  },
  "rightEye": {
    "ellipseMinorAxis": 0.24494899809360505,
    "ellipseMajorAxis": 0.3099985122680664,
    "screenForward": {
      "x": -0.37595483660697939,
      "y": -0.3981004059314728,
      "z": 0.8367640376091003
    },
    "screenPosition": {
      "x": 0.06978482753038407,
      "y": -0.011309570632874966,
      "z": 0.023201093077659608
    },
    "eyePosition": {
      "x": 0.03200000151991844,
      "y": 0.0,
      "z": 0.0
    },
    "eyeRotation": {
      "x": 0.0,
      "y": 8.881784197001253e-16,
      "z": 5.662137425588298e-15,
      "w": 1.0
    },
    "cameraProjection": {
      "x": -0.699999988079071,
      "y": 0.699999988079071,
      "z": 0.30000001192092898,
      "w": -1.399999976158142
    },
    "sphereToWorldSpace": {
      "e00": 0.05101081356406212,
      "e01": -0.06071343645453453,
      "e02": -0.29330453276634219,
      "e03": 0.1094161793589592,
      "e10": 3.650024504864291e-9,
      "e11": 0.23695312440395356,
      "e12": -0.07855908572673798,
      "e13": 0.02095302753150463,
      "e20": 0.23957861959934236,
      "e21": 0.012927034869790078,
      "e22": 0.062450066208839419,
      "e23": -0.051034703850746158,
      "e30": 0.0,
      "e31": 0.0,
      "e32": 0.0,
      "e33": 1.0
    },
    "worldToScreenSpace": {
      "e00": -3.0913639068603517,
      "e01": 13.885043144226075,
      "e02": 5.21703577041626,
      "e03": 0.2517232298851013,
      "e10": -15.217122077941895,
      "e11": -0.6948577761650086,
      "e12": -7.167581081390381,
      "e13": 1.220361351966858,
      "e20": -0.37595489621162417,
      "e21": -0.39810046553611758,
      "e22": 0.8367641568183899,
      "e23": 0.0023197587579488756,
      "e30": 0.0,
      "e31": 0.0,
      "e32": 0.0,
      "e33": 1.0
    }
  },
  "leapTracker": {
    "name": "Leap Provider",
    "serial": "",
    "localPose": {
      "position": {
        "x": 0.0,
        "y": 0.039777886122465137,
        "z": 0.0804821103811264
      },
      "rotation": {
        "x": 0.2909526228904724,
        "y": 0.0,
        "z": 0.0,
        "w": 0.9567374587059021
      }
    }
  }
}