{
  "leftEye": {
    "ellipseMinorAxis": 0.24494899809360505,
    "ellipseMajorAxis": 0.3099985420703888,
    "screenForward": {
      "x": 0.47238391637802126,
      "y": -0.3464551270008087,
      "z": 0.8104457259178162
    },
    "screenPosition": {
      "x": -0.07189728319644928,
      "y": -0.00602397695183754,
      "z": 0.020424991846084596
    },
    "eyePosition": {
      "x": -0.03200000151991844,
      "y": -0.004,
      "z": -0.011
    },
    "eyeRotation": {
      "x": 0.0,
      "y": 1.7763568394002506e-15,
      "z": 1.1241008971362658e-14,
      "w": 1.0
    },
    "cameraProjection": {
      "x": -0.699999988079071,
      "y": 0.699999988079071,
      "z": 0.30000001192092898,
      "w": -1.399999976158142
    },
    "sphereToWorldSpace": {
      "e00": 0.05101081356406212,
      "e01": 0.060713451355695727,
      "e02": 0.29330456256866457,
      "e03": -0.11478520929813385,
      "e10": 0.0,
      "e11": 0.23695312440395356,
      "e12": -0.07855910807847977,
      "e13": 0.023477276787161828,
      "e20": -0.23957861959934236,
      "e21": 0.0129270413890481,
      "e22": 0.062450069934129718,
      "e23": -0.05460936576128006,
      "e30": 0.0,
      "e31": 0.0,
      "e32": 0.0,
      "e33": 1.0
    },
    "worldToScreenSpace": {
      "e00": 3.281351327896118,
      "e01": 14.196070671081543,
      "e02": 4.156039237976074,
      "e03": 0.23655027151107789,
      "e10": -14.383367538452149,
      "e11": 0.7734568119049072,
      "e12": 8.714264869689942,
      "e13": -1.2074544429779053,
      "e20": 0.47238388657569888,
      "e21": -0.3464551568031311,
      "e22": 0.8104458451271057,
      "e23": 0.015322718769311905,
      "e30": 0.0,
      "e31": 0.0,
      "e32": 0.0,
      "e33": 1.0
    }
  },
  "rightEye": {
    "ellipseMinorAxis": 0.24494899809360505,
    "ellipseMajorAxis": 0.3099985122680664,
    "screenForward": {
      "x": -0.3854113221168518,
      "y": -0.40750470757484438,
      "z": 0.8278877139091492
    },
    "screenPosition": {
      "x": 0.07332286238670349,
      "y": -0.006441082805395126,
      "z": 0.020943425595760347
    },
    "eyePosition": {
      "x": 0.03200000151991844,
      "y": -0.004,
      "z": -0.011
    },
    "eyeRotation": {
      "x": 0.0,
      "y": 1.7763568394002506e-15,
      "z": 1.1241008971362658e-14,
      "w": 1.0
    },
    "cameraProjection": {
      "x": -0.699999988079071,
      "y": 0.699999988079071,
      "z": 0.30000001192092898,
      "w": -1.399999976158142
    },
    "sphereToWorldSpace": {
      "e00": 0.05101080238819122,
      "e01": -0.06071346998214722,
      "e02": -0.29330453276634219,
      "e03": 0.11574873328208924,
      "e10": 0.0,
      "e11": 0.23695310950279237,
      "e12": -0.07855913043022156,
      "e13": 0.02517211064696312,
      "e20": 0.23957861959934236,
      "e21": 0.012927045114338398,
      "e22": 0.062450066208839419,
      "e23": -0.05336716026067734,
      "e30": 0.0,
      "e31": 0.0,
      "e32": 0.0,
      "e33": 1.0
    },
    "worldToScreenSpace": {
      "e00": -2.713691473007202,
      "e01": 13.835983276367188,
      "e02": 5.547056198120117,
      "e03": 0.17192018032073975,
      "e10": -15.238993644714356,
      "e11": -0.12081575393676758,
      "e12": -7.153763771057129,
      "e13": 1.266412615776062,
      "e20": -0.3854112923145294,
      "e21": -0.4075046181678772,
      "e22": 0.8278878331184387,
      "e23": 0.008295878767967224,
      "e30": 0.0,
      "e31": 0.0,
      "e32": 0.0,
      "e33": 1.0
    }
  },
  "leapTracker": {
    "name": "Leap Odometry Origin",
    "serial": "",
    "localPose": {
      "position": {
        "x": 0.0,
        "y": 0.039777886122465137,
        "z": 0.0804821103811264
      },
      "rotation": {
        "x": 0.27482354640960696,
        "y": 0.0,
        "z": 0.0,
        "w": 0.9614946842193604
      }
    }
  }
}