{
  "leftEye": {
    "ellipseMinorAxis": 0.24494899809360505,
    "ellipseMajorAxis": 0.3099985122680664,
    "screenForward": {
      "x": 0.43706652522087099,
      "y": -0.3948051333427429,
      "z": 0.808147132396698
    },
    "screenPosition": {
      "x": -0.07189604640007019,
      "y": -0.007917225360870362,
      "z": 0.021770231425762178
    },
    "eyePosition": {
      "x": -0.03200000151991844,
      "y": -0.014,
      "z": -0.01
    },
    "eyeRotation": {
      "x": 0.0,
      "y": 1.7763568394002506e-15,
      "z": 1.1241008971362658e-14,
      "w": 1.0
    },
    "cameraProjection": {
      "x": -0.699999988079071,
      "y": 0.699999988079071,
      "z": 0.30000001192092898,
      "w": -1.399999976158142
    },
    "sphereToWorldSpace": {
      "e00": 0.05101082846522331,
      "e01": 0.06071346625685692,
      "e02": 0.2933045029640198,
      "e03": -0.11554870754480362,
      "e10": -3.650024504864291e-9,
      "e11": 0.23695310950279237,
      "e12": -0.07855912297964096,
      "e13": 0.02243216335773468,
      "e20": -0.23957860469818116,
      "e21": 0.012927050702273846,
      "e22": 0.0624501034617424,
      "e23": -0.052264899015426639,
      "e30": 0.0,
      "e31": 0.0,
      "e32": 0.0,
      "e33": 1.0
    },
    "worldToScreenSpace": {
      "e00": 3.531888484954834,
      "e01": 13.902008056640625,
      "e02": 4.881430625915527,
      "e03": 0.257724404335022,
      "e10": -14.62453556060791,
      "e11": 0.8008620738983154,
      "e12": 8.300567626953125,
      "e13": -1.2258110046386719,
      "e20": 0.43706652522087099,
      "e21": -0.39480510354042055,
      "e22": 0.808147132396698,
      "e23": 0.010704044252634049,
      "e30": 0.0,
      "e31": 0.0,
      "e32": 0.0,
      "e33": 1.0
    }
  },
  "rightEye": {
    "ellipseMinorAxis": 0.24494899809360505,
    "ellipseMajorAxis": 0.3099985122680664,
    "screenForward": {
      "x": -0.3772053122520447,
      "y": -0.4078141748905182,
      "z": 0.8315069675445557
    },
    "screenPosition": {
      "x": 0.07346132397651673,
      "y": -0.009385507553815842,
      "z": 0.02223406732082367
    },
    "eyePosition": {
      "x": 0.03200000151991844,
      "y": -0.014,
      "z": -0.01
    },
    "eyeRotation": {
      "x": 0.0,
      "y": 1.7763568394002506e-15,
      "z": 1.1241008971362658e-14,
      "w": 1.0
    },
    "cameraProjection": {
      "x": -0.699999988079071,
      "y": 0.699999988079071,
      "z": 0.30000001192092898,
      "w": -1.399999976158142
    },
    "sphereToWorldSpace": {
      "e00": 0.05101082846522331,
      "e01": -0.06071346625685692,
      "e02": -0.2933045029640198,
      "e03": 0.11404275894165039,
      "e10": 3.650024504864291e-9,
      "e11": 0.23695310950279237,
      "e12": -0.07855912297964096,
      "e13": 0.02248900756239891,
      "e20": 0.23957860469818116,
      "e21": 0.012927050702273846,
      "e22": 0.0624501034617424,
      "e23": -0.052132103592157367,
      "e30": 0.0,
      "e31": 0.0,
      "e32": 0.0,
      "e33": 1.0
    },
    "worldToScreenSpace": {
      "e00": -3.1104583740234377,
      "e01": 13.822925567626954,
      "e02": 5.368447303771973,
      "e03": 0.23887115716934205,
      "e10": -15.20354175567627,
      "e11": -0.6237349510192871,
      "e12": -7.202856063842773,
      "e13": 1.2711670398712159,
      "e20": -0.37720534205436709,
      "e21": -0.4078141152858734,
      "e22": 0.8315069675445557,
      "e23": 0.0053946711122989658,
      "e30": 0.0,
      "e31": 0.0,
      "e32": 0.0,
      "e33": 1.0
    }
  },
  "leapTracker": {
    "name": "Leap Odometry Origin",
    "serial": "",
    "localPose": {
      "position": {
        "x": 0.0,
        "y": 0.039777886122465137,
        "z": 0.0804821103811264
      },
      "rotation": {
        "x": 0.27482354640960696,
        "y": 0.0,
        "z": 0.0,
        "w": 0.9614946842193604
      }
    }
  }
}