{
  "leftEye": {
    "ellipseMinorAxis": 0.24494899809360505,
    "ellipseMajorAxis": 0.3099985122680664,
    "screenForward": {
      "x": 0.46517157554626467,
      "y": -0.35235002636909487,
      "z": 0.8120744824409485
    },
    "screenPosition": {
      "x": -0.07234165817499161,
      "y": -0.007009617984294891,
      "z": 0.019736886024475099
    },
    "eyePosition": {
      "x": -0.03200000151991844,
      "y": 0.0,
      "z": -7.450580596923828e-9
    },
    "eyeRotation": {
      "x": 0.0,
      "y": 1.776356733521132e-15,
      "z": 1.1241009818395605e-14,
      "w": 1.0
    },
    "cameraProjection": {
      "x": -0.699999988079071,
      "y": 0.699999988079071,
      "z": 0.30000001192092898,
      "w": -1.399999976158142
    },
    "sphereToWorldSpace": {
      "e00": 0.051010843366384509,
      "e01": 0.06071346253156662,
      "e02": 0.29330453276634219,
      "e03": -0.1153920516371727,
      "e10": -1.8250122524321455e-9,
      "e11": 0.23695310950279237,
      "e12": -0.07855912297964096,
      "e13": 0.023842263966798784,
      "e20": -0.23957863450050355,
      "e21": 0.012927056290209294,
      "e22": 0.0624501034617424,
      "e23": -0.05458782985806465,
      "e30": 0.0,
      "e31": 0.0,
      "e32": 0.0,
      "e33": 1.0
    },
    "worldToScreenSpace": {
      "e00": 3.0180253982543947,
      "e01": 14.17434310913086,
      "e02": 4.4213056564331059,
      "e03": 0.23042279481887818,
      "e10": -14.520522117614746,
      "e11": 0.43799591064453127,
      "e12": 8.507671356201172,
      "e13": -1.2152835130691529,
      "e20": 0.46517154574394228,
      "e21": -0.3523499369621277,
      "e22": 0.8120745420455933,
      "e23": 0.015153631567955017,
      "e30": 0.0,
      "e31": 0.0,
      "e32": 0.0,
      "e33": 1.0
    }
  },
  "rightEye": {
    "ellipseMinorAxis": 0.24494899809360505,
    "ellipseMajorAxis": 0.3099985122680664,
    "screenForward": {
      "x": -0.43396276235580447,
      "y": -0.37413546442985537,
      "z": 0.8195725083351135
    },
    "screenPosition": {
      "x": 0.07342159748077393,
      "y": -0.0065955184400081638,
      "z": 0.019896194338798524
    },
    "eyePosition": {
      "x": 0.03200000151991844,
      "y": 0.0,
      "z": -7.450580596923828e-9
    },
    "eyeRotation": {
      "x": 0.0,
      "y": 1.776356733521132e-15,
      "z": 1.1241009818395605e-14,
      "w": 1.0
    },
    "cameraProjection": {
      "x": -0.699999988079071,
      "y": 0.699999988079071,
      "z": 0.30000001192092898,
      "w": -1.399999976158142
    },
    "sphereToWorldSpace": {
      "e00": 0.05101081356406212,
      "e01": -0.060713451355695727,
      "e02": -0.29330453276634219,
      "e03": 0.11589392274618149,
      "e10": 0.0,
      "e11": 0.23695312440395356,
      "e12": -0.07855910062789917,
      "e13": 0.025052621960639955,
      "e20": 0.23957861959934236,
      "e21": 0.0129270413890481,
      "e22": 0.062450066208839419,
      "e23": -0.05411863699555397,
      "e30": 0.0,
      "e31": 0.0,
      "e32": 0.0,
      "e33": 1.0
    },
    "worldToScreenSpace": {
      "e00": -3.3466527462005617,
      "e01": 14.032045364379883,
      "e02": 4.633589744567871,
      "e03": 0.24607431888580323,
      "e10": -14.704301834106446,
      "e11": -0.813356876373291,
      "e12": -8.157206535339356,
      "e13": 1.236546277999878,
      "e20": -0.43396273255348208,
      "e21": -0.3741353750228882,
      "e22": 0.8195726275444031,
      "e23": 0.013088241219520569,
      "e30": 0.0,
      "e31": 0.0,
      "e32": 0.0,
      "e33": 1.0
    }
  },
  "leapTracker": {
    "name": "Leap Odometry Origin",
    "serial": "",
    "localPose": {
      "position": {
        "x": 0.0,
        "y": 0.033981744199991229,
        "z": 0.07902515679597855
      },
      "rotation": {
        "x": 0.34202009439468386,
        "y": 1.6940658945086007e-21,
        "z": -3.3881317890172014e-21,
        "w": 0.9396926760673523
      }
    }
  }
}