{
  "leftEye": {
    "ellipseMinorAxis": 0.24494899809360505,
    "ellipseMajorAxis": 0.3099985122680664,
    "screenForward": {
      "x": 0.4616026282310486,
      "y": -0.35687965154647829,
      "z": 0.8121329545974731
    },
    "screenPosition": {
      "x": -0.0729559063911438,
      "y": -0.00474441796541214,
      "z": 0.02259187400341034
    },
    "eyePosition": {
      "x": -0.03200000151991844,
      "y": 0.0,
      "z": 0.0
    },
    "eyeRotation": {
      "x": 0.0,
      "y": 1.7763568394002506e-15,
      "z": 1.1241008971362658e-14,
      "w": 1.0
    },
    "cameraProjection": {
      "x": -0.699999988079071,
      "y": 0.699999988079071,
      "z": 0.30000001192092898,
      "w": -1.399999976158142
    },
    "sphereToWorldSpace": {
      "e00": 0.05101082846522331,
      "e01": 0.06071346625685692,
      "e02": 0.2933045029640198,
      "e03": -0.11748219281435013,
      "e10": -3.650024504864291e-9,
      "e11": 0.23695310950279237,
      "e12": -0.07855912297964096,
      "e13": 0.019950905814766885,
      "e20": -0.23957860469818116,
      "e21": 0.012927050702273846,
      "e22": 0.0624501034617424,
      "e23": -0.05291739106178284,
      "e30": 0.0,
      "e31": 0.0,
      "e32": 0.0,
      "e33": 1.0
    },
    "worldToScreenSpace": {
      "e00": 3.878204107284546,
      "e01": 14.09318733215332,
      "e02": 3.9887354373931886,
      "e03": 0.25968891382217409,
      "e10": -14.298935890197754,
      "e11": 1.4537851810455323,
      "e12": 8.76611614227295,
      "e13": -1.234337568283081,
      "e20": 0.4616026282310486,
      "e21": -0.35687971115112307,
      "e22": 0.8121330142021179,
      "e23": 0.013635843992233277,
      "e30": 0.0,
      "e31": 0.0,
      "e32": 0.0,
      "e33": 1.0
    }
  },
  "rightEye": {
    "ellipseMinorAxis": 0.24494899809360505,
    "ellipseMajorAxis": 0.3099985122680664,
    "screenForward": {
      "x": -0.4400629699230194,
      "y": -0.3120514154434204,
      "z": 0.8420026898384094
    },
    "screenPosition": {
      "x": 0.07468283921480179,
      "y": -0.005545277148485184,
      "z": 0.02425384521484375
    },
    "eyePosition": {
      "x": 0.03200000151991844,
      "y": 0.0,
      "z": 0.0
    },
    "eyeRotation": {
      "x": 0.0,
      "y": 1.7763568394002506e-15,
      "z": 1.1241008971362658e-14,
      "w": 1.0
    },
    "cameraProjection": {
      "x": -0.699999988079071,
      "y": 0.699999988079071,
      "z": 0.30000001192092898,
      "w": -1.399999976158142
    },
    "sphereToWorldSpace": {
      "e00": 0.05101081356406212,
      "e01": -0.06071346253156662,
      "e02": -0.29330453276634219,
      "e03": 0.11543331295251847,
      "e10": -1.8250122524321455e-9,
      "e11": 0.23695310950279237,
      "e12": -0.07855910807847977,
      "e13": 0.02125711366534233,
      "e20": 0.23957861959934236,
      "e21": 0.012927043251693249,
      "e22": 0.062450066208839419,
      "e23": -0.052192769944667819,
      "e30": 0.0,
      "e31": 0.0,
      "e32": 0.0,
      "e33": 1.0
    },
    "worldToScreenSpace": {
      "e00": -2.558964967727661,
      "e01": 14.3894681930542,
      "e02": 3.9954123497009279,
      "e03": 0.1740003228187561,
      "e10": -14.84749698638916,
      "e11": -0.44046998023986819,
      "e12": -7.923111915588379,
      "e13": 1.2985765933990479,
      "e20": -0.440062940120697,
      "e21": -0.31205135583877566,
      "e22": 0.8420027494430542,
      "e23": 0.010712936520576477,
      "e30": 0.0,
      "e31": 0.0,
      "e32": 0.0,
      "e33": 1.0
    }
  },
  "leapTracker": {
    "name": "Leap Odometry Origin",
    "serial": "",
    "localPose": {
      "position": {
        "x": 0.0,
        "y": 0.039777886122465137,
        "z": 0.0804821103811264
      },
      "rotation": {
        "x": 0.27482354640960696,
        "y": 0.0,
        "z": 0.0,
        "w": 0.9614946842193604
      }
    }
  }
}