{
  "leftEye": {
    "ellipseMinorAxis": 0.24494899809360505,
    "ellipseMajorAxis": 0.3099985122680664,
    "screenForward": {
      "x": 0.4625436067581177,
      "y": -0.34312304854393008,
      "z": 0.8175083994865418
    },
    "screenPosition": {
      "x": -0.07278165221214295,
      "y": -0.007467534393072128,
      "z": 0.01948026567697525
    },
    "eyePosition": {
      "x": -0.03200000151991844,
      "y": -0.011,
      "z": -0.005
    },
    "eyeRotation": {
      "x": 0.0,
      "y": 1.7763568394002506e-15,
      "z": 1.1241008971362658e-14,
      "w": 1.0
    },
    "cameraProjection": {
      "x": -0.699999988079071,
      "y": 0.699999988079071,
      "z": 0.30000001192092898,
      "w": -1.399999976158142
    },
    "sphereToWorldSpace": {
      "e00": 0.05101082846522331,
      "e01": 0.06071346625685692,
      "e02": 0.2933045029640198,
      "e03": -0.11593691259622574,
      "e10": -3.650024504864291e-9,
      "e11": 0.23695310950279237,
      "e12": -0.07855912297964096,
      "e13": 0.024098917841911317,
      "e20": -0.23957860469818116,
      "e21": 0.012927050702273846,
      "e22": 0.0624501034617424,
      "e23": -0.054595693945884708,
      "e30": 0.0,
      "e31": 0.0,
      "e32": 0.0,
      "e33": 1.0
    },
    "worldToScreenSpace": {
      "e00": 2.9910526275634767,
      "e01": 14.224021911621094,
      "e02": 4.2777509689331059,
      "e03": 0.2405804991722107,
      "e10": -14.551173210144043,
      "e11": 0.518404483795166,
      "e12": 8.450589179992676,
      "e13": -1.2198070287704468,
      "e20": 0.4625435769557953,
      "e21": -0.34312307834625246,
      "e22": 0.817508339881897,
      "e23": 0.015177123248577118,
      "e30": 0.0,
      "e31": 0.0,
      "e32": 0.0,
      "e33": 1.0
    }
  },
  "rightEye": {
    "ellipseMinorAxis": 0.24494899809360505,
    "ellipseMajorAxis": 0.3099985122680664,
    "screenForward": {
      "x": -0.45008206367492678,
      "y": -0.37985506653785708,
      "z": 0.8081684708595276
    },
    "screenPosition": {
      "x": 0.07048261165618897,
      "y": -0.009052161127328873,
      "z": 0.021050766110420228
    },
    "eyePosition": {
      "x": 0.03200000151991844,
      "y": -0.011,
      "z": -0.005
    },
    "eyeRotation": {
      "x": 0.0,
      "y": 1.7763568394002506e-15,
      "z": 1.1241008971362658e-14,
      "w": 1.0
    },
    "cameraProjection": {
      "x": -0.699999988079071,
      "y": 0.699999988079071,
      "z": 0.30000001192092898,
      "w": -1.399999976158142
    },
    "sphereToWorldSpace": {
      "e00": 0.051010843366384509,
      "e01": -0.060713447630405429,
      "e02": -0.2933045029640198,
      "e03": 0.11485183984041214,
      "e10": -1.8250122524321455e-9,
      "e11": 0.23695312440395356,
      "e12": -0.07855910062789917,
      "e13": 0.0246520284563303,
      "e20": 0.23957860469818116,
      "e21": 0.012927052564918995,
      "e22": 0.0624501034617424,
      "e23": -0.05228453874588013,
      "e30": 0.0,
      "e31": 0.0,
      "e32": 0.0,
      "e33": 1.0
    },
    "worldToScreenSpace": {
      "e00": -2.9234631061553957,
      "e01": 14.015240669250489,
      "e02": 4.959314346313477,
      "e03": 0.2285243272781372,
      "e10": -14.67833137512207,
      "e11": -0.14505887031555177,
      "e12": -8.242778778076172,
      "e13": 1.206770896911621,
      "e20": -0.45008206367492678,
      "e21": -0.3798550069332123,
      "e22": 0.8081685304641724,
      "e23": 0.0112718865275383,
      "e30": 0.0,
      "e31": 0.0,
      "e32": 0.0,
      "e33": 1.0
    }
  },
  "leapTracker": {
    "name": "Leap Odometry Origin",
    "serial": "",
    "localPose": {
      "position": {
        "x": 0.0,
        "y": 0.039777886122465137,
        "z": 0.0804821103811264
      },
      "rotation": {
        "x": 0.27482354640960696,
        "y": 0.0,
        "z": 0.0,
        "w": 0.9614946842193604
      }
    }
  }
}