{
  "leftEye": {
    "ellipseMinorAxis": 0.24494899809360505,
    "ellipseMajorAxis": 0.3099985122680664,
    "screenForward": {
      "x": 0.4420226514339447,
      "y": -0.3324100375175476,
      "z": 0.8331383466720581
    },
    "screenPosition": {
      "x": -0.07373487949371338,
      "y": -0.006533876061439514,
      "z": 0.020129602402448655
    },
    "eyePosition": {
      "x": -0.03200000151991844,
      "y": -0.010999996215105057,
      "z": -0.004999999701976776
    },
    "eyeRotation": {
      "x": 0.0,
      "y": 1.7763568394002506e-15,
      "z": 1.1241008971362658e-14,
      "w": 1.0
    },
    "cameraProjection": {
      "x": -0.699999988079071,
      "y": 0.699999988079071,
      "z": 0.30000001192092898,
      "w": -1.399999976158142
    },
    "sphereToWorldSpace": {
      "e00": 0.05101082846522331,
      "e01": 0.06071346625685692,
      "e02": 0.2933045029640198,
      "e03": -0.11518845707178116,
      "e10": -3.650024504864291e-9,
      "e11": 0.23695310950279237,
      "e12": -0.07855912297964096,
      "e13": 0.022951290011405946,
      "e20": -0.23957860469818116,
      "e21": 0.012927050702273846,
      "e22": 0.0624501034617424,
      "e23": -0.05430199205875397,
      "e30": 0.0,
      "e31": 0.0,
      "e32": 0.0,
      "e33": 1.0
    },
    "worldToScreenSpace": {
      "e00": 2.786308526992798,
      "e01": 14.282649040222168,
      "e02": 4.220290660858154,
      "e03": 0.21381640434265138,
      "e10": -14.780322074890137,
      "e11": 0.506572961807251,
      "e12": 8.04383659362793,
      "e13": -1.2484345436096192,
      "e20": 0.44202274084091189,
      "e21": -0.33241018652915957,
      "e22": 0.8331384062767029,
      "e23": 0.013649813830852509,
      "e30": 0.0,
      "e31": 0.0,
      "e32": 0.0,
      "e33": 1.0
    }
  },
  "rightEye": {
    "ellipseMinorAxis": 0.24494899809360505,
    "ellipseMajorAxis": 0.3099985122680664,
    "screenForward": {
      "x": -0.4114443063735962,
      "y": -0.36715763807296755,
      "z": 0.8342115879058838
    },
    "screenPosition": {
      "x": 0.07333411276340485,
      "y": -0.008260946720838547,
      "z": 0.019927341490983964
    },
    "eyePosition": {
      "x": 0.03200000151991844,
      "y": -0.010999996215105057,
      "z": -0.004999999701976776
    },
    "eyeRotation": {
      "x": 0.0,
      "y": 1.7763568394002506e-15,
      "z": 1.1241008971362658e-14,
      "w": 1.0
    },
    "cameraProjection": {
      "x": -0.699999988079071,
      "y": 0.699999988079071,
      "z": 0.30000001192092898,
      "w": -1.399999976158142
    },
    "sphereToWorldSpace": {
      "e00": 0.05101081356406212,
      "e01": -0.060713447630405429,
      "e02": -0.29330453276634219,
      "e03": 0.11819175630807877,
      "e10": 0.0,
      "e11": 0.23695312440395356,
      "e12": -0.07855910062789917,
      "e13": 0.023897122591733934,
      "e20": 0.23957861959934236,
      "e21": 0.01292703952640295,
      "e22": 0.062450066208839419,
      "e23": -0.05319967493414879,
      "e30": 0.0,
      "e31": 0.0,
      "e32": 0.0,
      "e33": 1.0
    },
    "worldToScreenSpace": {
      "e00": -2.7663662433624269,
      "e01": 14.08973503112793,
      "e02": 4.8368377685546879,
      "e03": 0.22287845611572267,
      "e10": -15.033003807067871,
      "e11": -0.35294008255004885,
      "e12": -7.569814205169678,
      "e13": 1.2503626346588135,
      "e20": -0.41144421696662905,
      "e21": -0.367157518863678,
      "e22": 0.8342116475105286,
      "e23": 0.010516215115785599,
      "e30": 0.0,
      "e31": 0.0,
      "e32": 0.0,
      "e33": 1.0
    }
  },
  "leapTracker": {
    "name": "Leap Odometry Origin",
    "serial": "",
    "localPose": {
      "position": {
        "x": 0.0,
        "y": 0.039777886122465137,
        "z": 0.0804821103811264
      },
      "rotation": {
        "x": 0.27482354640960696,
        "y": 0.0,
        "z": 0.0,
        "w": 0.9614946842193604
      }
    }
  }
}