{
  "leftEye": {
    "ellipseMinorAxis": 0.24494899809360505,
    "ellipseMajorAxis": 0.3099985122680664,
    "screenForward": {
      "x": 0.46816691756248476,
      "y": -0.34605157375335696,
      "z": 0.8130609393119812
    },
    "screenPosition": {
      "x": -0.07319025695323944,
      "y": -0.007473840843886137,
      "z": 0.01908406987786293
    },
    "eyePosition": {
      "x": -0.029943088069558145,
      "y": -0.009616165421903134,
      "z": -0.004279683344066143
    },
    "eyeRotation": {
      "x": 7.395533370627759e-32,
      "y": 1.7763568394002506e-15,
      "z": 1.1241009818395605e-14,
      "w": 1.0
    },
    "cameraProjection": {
      "x": -0.699999988079071,
      "y": 0.699999988079071,
      "z": 0.30000001192092898,
      "w": -1.399999976158142
    },
    "sphereToWorldSpace": {
      "e00": 0.05101080238819122,
      "e01": 0.06071346998214722,
      "e02": 0.29330453276634219,
      "e03": -0.1131112203001976,
      "e10": 0.0,
      "e11": 0.23695310950279237,
      "e12": -0.07855913043022156,
      "e13": 0.02352340705692768,
      "e20": -0.23957861959934236,
      "e21": 0.012927045114338398,
      "e22": 0.062450066208839419,
      "e23": -0.055397968739271167,
      "e30": 0.0,
      "e31": 0.0,
      "e32": 0.0,
      "e33": 1.0
    },
    "worldToScreenSpace": {
      "e00": 3.0702216625213625,
      "e01": 14.206825256347657,
      "e02": 4.278790473937988,
      "e03": 0.24923312664031983,
      "e10": -14.4796724319458,
      "e11": 0.5478772521018982,
      "e12": 8.57069206237793,
      "e13": -1.2192399501800538,
      "e20": 0.46816688776016238,
      "e21": -0.34605154395103457,
      "e22": 0.8130610585212708,
      "e23": 0.016162406653165818,
      "e30": 0.0,
      "e31": 0.0,
      "e32": 0.0,
      "e33": 1.0
    }
  },
  "rightEye": {
    "ellipseMinorAxis": 0.24494899809360505,
    "ellipseMajorAxis": 0.3099985122680664,
    "screenForward": {
      "x": -0.4275721609592438,
      "y": -0.3427581191062927,
      "z": 0.8364801406860352
    },
    "screenPosition": {
      "x": 0.07376505434513092,
      "y": -0.007927999831736088,
      "z": 0.019946351647377015
    },
    "eyePosition": {
      "x": 0.029943088069558145,
      "y": -0.009616165421903134,
      "z": -0.004279683344066143
    },
    "eyeRotation": {
      "x": 7.395533370627759e-32,
      "y": 1.7763568394002506e-15,
      "z": 1.1241009818395605e-14,
      "w": 1.0
    },
    "cameraProjection": {
      "x": -0.699999988079071,
      "y": 0.699999988079071,
      "z": 0.30000001192092898,
      "w": -1.399999976158142
    },
    "sphereToWorldSpace": {
      "e00": 0.05101081356406212,
      "e01": -0.060713451355695727,
      "e02": -0.29330453276634219,
      "e03": 0.1175563633441925,
      "e10": 0.0,
      "e11": 0.23695312440395356,
      "e12": -0.07855910062789917,
      "e13": 0.025068750604987146,
      "e20": 0.23957861959934236,
      "e21": 0.0129270413890481,
      "e22": 0.062450066208839419,
      "e23": -0.0537504144012928,
      "e30": 0.0,
      "e31": 0.0,
      "e32": 0.0,
      "e33": 1.0
    },
    "worldToScreenSpace": {
      "e00": -2.664926528930664,
      "e01": 14.230130195617676,
      "e02": 4.468777656555176,
      "e03": 0.22025911509990693,
      "e10": -14.927702903747559,
      "e11": -0.3538154661655426,
      "e12": -7.775368690490723,
      "e13": 1.2534281015396119,
      "e20": -0.4275720715522766,
      "e21": -0.34275805950164797,
      "e22": 0.8364801406860352,
      "e23": 0.012137767858803273,
      "e30": 0.0,
      "e31": 0.0,
      "e32": 0.0,
      "e33": 1.0
    }
  },
  "leapTracker": {
    "name": "Leap Odometry Origin",
    "serial": "",
    "localPose": {
      "position": {
        "x": 0.0,
        "y": 0.039777886122465137,
        "z": 0.0804821103811264
      },
      "rotation": {
        "x": 0.2943322956562042,
        "y": -0.008339948020875454,
        "z": 0.002568598836660385,
        "w": 0.9556633234024048
      }
    }
  }
}