{
  "leftEye": {
    "ellipseMinorAxis": 0.24494899809360505,
    "ellipseMajorAxis": 0.3099985122680664,
    "screenForward": {
      "x": 0.47135019302368166,
      "y": -0.36154904961586,
      "z": 0.8044322729110718
    },
    "screenPosition": {
      "x": -0.07244762033224106,
      "y": -0.008739326149225235,
      "z": 0.020231816917657853
    },
    "eyePosition": {
      "x": -0.029943088069558145,
      "y": -0.01378282904624939,
      "z": -0.013029678724706173
    },
    "eyeRotation": {
      "x": 7.395533370627759e-32,
      "y": 1.7763568394002506e-15,
      "z": 1.1241009818395605e-14,
      "w": 1.0
    },
    "cameraProjection": {
      "x": -0.699999988079071,
      "y": 0.699999988079071,
      "z": 0.30000001192092898,
      "w": -1.399999976158142
    },
    "sphereToWorldSpace": {
      "e00": 0.05101080238819122,
      "e01": 0.06071346998214722,
      "e02": 0.29330453276634219,
      "e03": -0.11727582663297653,
      "e10": 0.0,
      "e11": 0.23695310950279237,
      "e12": -0.07855913043022156,
      "e13": 0.024353357031941415,
      "e20": -0.23957861959934236,
      "e21": 0.012927045114338398,
      "e22": 0.062450066208839419,
      "e23": -0.0535103939473629,
      "e30": 0.0,
      "e31": 0.0,
      "e32": 0.0,
      "e33": 1.0
    },
    "worldToScreenSpace": {
      "e00": 2.8656580448150636,
      "e01": 14.126176834106446,
      "e02": 4.669849872589111,
      "e03": 0.2365838587284088,
      "e10": -14.50214958190918,
      "e11": 0.11565858125686646,
      "e12": 8.549393653869629,
      "e13": -1.2226052284240723,
      "e20": 0.47135022282600405,
      "e21": -0.3615490794181824,
      "e22": 0.804432213306427,
      "e23": 0.014713379554450512,
      "e30": 0.0,
      "e31": 0.0,
      "e32": 0.0,
      "e33": 1.0
    }
  },
  "rightEye": {
    "ellipseMinorAxis": 0.24494899809360505,
    "ellipseMajorAxis": 0.3099985122680664,
    "screenForward": {
      "x": -0.4335521161556244,
      "y": -0.37743017077445986,
      "z": 0.8182780742645264
    },
    "screenPosition": {
      "x": 0.07293334603309632,
      "y": -0.009203806519508362,
      "z": 0.021342262625694276
    },
    "eyePosition": {
      "x": 0.029943088069558145,
      "y": -0.01378282904624939,
      "z": -0.013029678724706173
    },
    "eyeRotation": {
      "x": 7.395533370627759e-32,
      "y": 1.7763568394002506e-15,
      "z": 1.1241009818395605e-14,
      "w": 1.0
    },
    "cameraProjection": {
      "x": -0.699999988079071,
      "y": 0.699999988079071,
      "z": 0.30000001192092898,
      "w": -1.399999976158142
    },
    "sphereToWorldSpace": {
      "e00": 0.05101081356406212,
      "e01": -0.060713451355695727,
      "e02": -0.29330453276634219,
      "e03": 0.11473775655031204,
      "e10": 0.0,
      "e11": 0.23695312440395356,
      "e12": -0.07855910062789917,
      "e13": 0.025801146402955056,
      "e20": 0.23957861959934236,
      "e21": 0.0129270413890481,
      "e22": 0.062450066208839419,
      "e23": -0.05408312752842903,
      "e30": 0.0,
      "e31": 0.0,
      "e32": 0.0,
      "e33": 1.0
    },
    "worldToScreenSpace": {
      "e00": -2.9667422771453859,
      "e01": 14.027585983276368,
      "e02": 4.898331165313721,
      "e03": 0.2409401684999466,
      "e10": -14.808053016662598,
      "e11": -0.33770957589149477,
      "e12": -8.001588821411133,
      "e13": 1.2476646900177003,
      "e20": -0.4335521459579468,
      "e21": -0.3774302005767822,
      "e22": 0.8182780742645264,
      "e23": 0.010682711377739907,
      "e30": 0.0,
      "e31": 0.0,
      "e32": 0.0,
      "e33": 1.0
    }
  },
  "leapTracker": {
    "name": "Leap Odometry Origin",
    "serial": "",
    "localPose": {
      "position": {
        "x": 0.0,
        "y": 0.039777886122465137,
        "z": 0.0804821103811264
      },
      "rotation": {
        "x": 0.3095743954181671,
        "y": 0.011063606478273869,
        "z": -0.003602223936468363,
        "w": 0.9508040547370911
      }
    }
  }
}