{
  "leftEye": {
    "ellipseMinorAxis": 0.24494899809360505,
    "ellipseMajorAxis": 0.3099985420703888,
    "screenForward": {
      "x": 0.40325161814689639,
      "y": -0.34773939847946169,
      "z": 0.8464428782463074
    },
    "screenPosition": {
      "x": -0.07285355031490326,
      "y": -0.002494797110557556,
      "z": 0.020813319832086564
    },
    "eyePosition": {
      "x": -0.03200000151991844,
      "y": -0.0040000006556510929,
      "z": -0.011000007390975953
    },
    "eyeRotation": {
      "x": 0.0,
      "y": 1.7763568394002506e-15,
      "z": 1.1241009818395605e-14,
      "w": 1.0
    },
    "cameraProjection": {
      "x": -0.699999988079071,
      "y": 0.699999988079071,
      "z": 0.30000001192092898,
      "w": -1.399999976158142
    },
    "sphereToWorldSpace": {
      "e00": 0.04539906233549118,
      "e01": 0.05987512692809105,
      "e02": 0.29505255818367007,
      "e03": -0.11548564583063126,
      "e10": 1.8250122524321455e-9,
      "e11": 0.23724976181983949,
      "e12": -0.07711179554462433,
      "e13": 0.029907725751399995,
      "e20": -0.24070508778095246,
      "e21": 0.011292971670627594,
      "e22": 0.05564946308732033,
      "e23": -0.051725953817367557,
      "e30": 0.0,
      "e31": 0.0,
      "e32": 0.0,
      "e33": 1.0
    },
    "worldToScreenSpace": {
      "e00": 2.5346570014953615,
      "e01": 14.2031831741333,
      "e02": 4.627480506896973,
      "e03": 0.12377947568893433,
      "e10": -15.14593505859375,
      "e11": 0.31044793128967287,
      "e12": 7.343173980712891,
      "e13": -1.2554965019226075,
      "e20": 0.4032515287399292,
      "e21": -0.3477393090724945,
      "e22": 0.8464428186416626,
      "e23": 0.010893482714891434,
      "e30": 0.0,
      "e31": 0.0,
      "e32": 0.0,
      "e33": 1.0
    }
  },
  "rightEye": {
    "ellipseMinorAxis": 0.24494899809360505,
    "ellipseMajorAxis": 0.3099985122680664,
    "screenForward": {
      "x": -0.40496310591697695,
      "y": -0.3325853943824768,
      "z": 0.8516994714736939
    },
    "screenPosition": {
      "x": 0.07196610420942307,
      "y": -0.0011105947196483613,
      "z": 0.021491236984729768
    },
    "eyePosition": {
      "x": 0.03200000151991844,
      "y": -0.0040000006556510929,
      "z": -0.011000007390975953
    },
    "eyeRotation": {
      "x": 0.0,
      "y": 1.7763568394002506e-15,
      "z": 1.1241009818395605e-14,
      "w": 1.0
    },
    "cameraProjection": {
      "x": -0.699999988079071,
      "y": 0.699999988079071,
      "z": 0.30000001192092898,
      "w": -1.399999976158142
    },
    "sphereToWorldSpace": {
      "e00": 0.04697330296039581,
      "e01": -0.06343425810337067,
      "e02": -0.2934623658657074,
      "e03": 0.11412516981363297,
      "e10": -3.650024504864291e-9,
      "e11": 0.2362678050994873,
      "e12": -0.08179823309183121,
      "e13": 0.03220001608133316,
      "e20": 0.24040283262729646,
      "e21": 0.012394687160849572,
      "e22": 0.0573408380150795,
      "e23": -0.052475105971097949,
      "e30": 0.0,
      "e31": 0.0,
      "e32": 0.0,
      "e33": 1.0
    },
    "worldToScreenSpace": {
      "e00": -2.4898338317871095,
      "e01": 14.284916877746582,
      "e02": 4.394347190856934,
      "e03": 0.10060834884643555,
      "e10": -15.142169952392579,
      "e11": -0.3789362907409668,
      "e12": -7.347716331481934,
      "e13": 1.2472138404846192,
      "e20": -0.40496307611465456,
      "e21": -0.33258527517318728,
      "e22": 0.8516994714736939,
      "e23": 0.010470163077116013,
      "e30": 0.0,
      "e31": 0.0,
      "e32": 0.0,
      "e33": 1.0
    }
  },
  "leapTracker": {
    "name": "Leap Odometry Origin",
    "serial": "",
    "localPose": {
      "position": {
        "x": 0.0,
        "y": 0.042332619428634647,
        "z": 0.06944616138935089
      },
      "rotation": {
        "x": 0.34202009439468386,
        "y": 0.0,
        "z": 0.0,
        "w": 0.9396926760673523
      }
    }
  }
}