{"baseline": 64.0, "left_uv_to_rect_x": [-0.7272487379698246, 0.88514887908696, 0.14251126132651987, 0.051316297425302915, 0.08131233408722077, 0.18183329292741174, -0.29589000952812505, 0.22896957548619162, 0.14750586684025419, -0.42401563243384954, 0.6057561037814327, -0.3868233306313543, -0.22021720237953002, 0.6175087399577255, -0.5926034430282183, 0.4410437922175183], "left_uv_to_rect_y": [-0.5564740442641349, 0.1946194250568125, 0.02966365742023752, -0.40829634623383015, 0.7593613001955415, -0.22062438746103952, 0.009766775711490747, 0.14714703609599367, 0.1317333996047035, 0.09312622056393072, -0.19470285467712706, 0.16023451669779734, 0.1957122755787224, -0.22448906802897511, 0.19027209607318257, -0.0965884513920543], "right_uv_to_rect_x": [-0.7215237931424666, 1.2563559667876252, -0.1355435900521028, 0.32713172716923206, 0.14251854194870334, -0.6121376907390073, 0.48539100738642715, -0.4208985147661386, -0.0580486252916767, 0.17758782663611142, -0.3463692507001497, 0.20552517491911998, -0.09918580934466847, 0.08031440835948722, 0.11832666203154177, -0.04919819772992179], "right_uv_to_rect_y": [-0.5241121408340313, 0.15193649842317491, -0.03547513751858891, 0.20014055322857155, 0.8143179163690477, -0.3595251460394587, 0.09242058236498014, 0.0965862423173819, 0.1522521488173843, -0.003815423840231924, -0.04584599487602718, 0.058069446926197345, 0.11823943435407419, 0.0187151509120256, -0.05377054614973343, 0.06443680819258824]}