{"baseline": 64.0, "left_uv_to_rect_x": [-0.7380832237124, 1.4289411887346186, -0.680054854796243, 0.34589155449300407, 0.1870340556036928, 0.10160922213245777, -0.1731946783513936, 0.16039228490212146, -0.115547809341428, -0.010042348618409663, 0.25782920306961, -0.1836589747801407, -0.06039559649143733, 0.41201528305909096, -0.527472573150843, 0.34255797915856634], "left_uv_to_rect_y": [-0.5887112492684304, 0.35194784377578037, -0.5059350420723367, -0.02739993903475449, 1.2210599634189252, -0.541610679787933, 0.5200404050877121, -0.06068436047329388, -0.45760771471843276, 0.23943817884590285, -0.2945311824282967, 0.07683484195929734, 0.3401151596830043, -0.2797207540098886, 0.3184807880164109, -0.12026703256905463], "right_uv_to_rect_x": [-0.7295929990684319, 1.9250381192930268, -1.1186617874269165, 0.6593552793801397, 0.22287650812389925, -1.2935468341167868, 1.2156295700478923, -0.8014788393234202, -0.29919342318445075, 1.2170955621377446, -1.3202940716989542, 0.8340373625487709, 0.06247907702861871, -0.41772922652038835, 0.5431353436734733, -0.34750195502093917], "right_uv_to_rect_y": [-0.5044140724004571, 0.2227480312934722, -0.035897413477555734, 0.1326943210143583, 1.3120806469819724, -0.8996562844515386, 0.8996615052670848, -0.2807419011481156, -0.5433435452428321, 0.604950727168666, -0.7097996152249397, 0.32536875787315056, 0.33397147630408563, -0.2902894987546222, 0.36185245412325695, -0.15344164413445402]}