{
    "driver_northstar" :{
        "headsetwindowX" : 3840,
        "headsetwindowY" : 0,
        "headsetwindowidth" : 2880,
        "headsetwindowheight" : 1600,
        "headsetrenderwidth" : 2880,
        "headsetrenderheight" : 1600,
        "headsetfrequency" : 120,
        "enable_headtracking" : true,
        "enable_eyetracking" : false,
        "enable_handtracking" : false,
        "enable_headpose_eyeupdate" : false,
        "headposetimeoffset" : 17,
        "used_devicerotation_x" :  0.7,
        "used_devicerotation_y" :  0.0,
        "used_devicerotation_z" :  0.0,
        "deviceheadoffset_x" : 0,
        "deviceheadoffset_y" : -0.0770678,
        "deviceheadoffset_z" : 0.02598797,
        "eyetrackeroffset_x" : 0,
        "eyetrackeroffset_y" : 0.02725284,
        "eyetrackeroffset_z" : 0.0465651,
        "eyetrackerrotation_x" : 0.87,
        "eyetrackerrotation_y" : -3.14159,
        "eyetrackerrotation_z" : 0.0,
        "recalc_ipd" : false,
        "verbose" : true,
        "eyesmoothing" : 20,
        "eyemaxerror" : 0.8,
        "photonlatency" : 0.035
    },
    "alwaysActivate": true,
    "name" : "northstar",
    "directory" : "",
    "resourceOnly" : false,
    "hmd_presence" : ["*.*"],
    "leftEye": {
        "ellipseMinorAxis": 0.24494899809360505,
        "ellipseMajorAxis": 0.3099985122680664,
        "screenForward_x": 0.4553605318069458,
        "screenForward_y": -0.35345640778541567,
        "screenForward_z": 0.8171386122703552,
        "screenPosition_x": -0.07269852608442307,
        "screenPosition_y": -0.00045987963676452637,
        "screenPosition_z": 0.020337551832199098,
        "eyePosition_x": -0.03200000151991844,
        "eyePosition_y": 0.0,
        "eyePosition_z": 0.0,
        "cameraProjection_x": -0.699999988079071,
        "cameraProjection_y": 0.699999988079071,
        "cameraProjection_z": -1.4299999475479127,
        "cameraProjection_w": 0.30000001192092898,
        "sphereToWorldSpace_e00": 0.04198940098285675,
        "sphereToWorldSpace_e01": 0.06132563203573227,
        "sphereToWorldSpace_e02": 0.29538393020629885,
        "sphereToWorldSpace_e03": -0.11586064845323563,
        "sphereToWorldSpace_e10": 0.0,
        "sphereToWorldSpace_e11": 0.23690783977508546,
        "sphereToWorldSpace_e12": -0.07877755910158158,
        "sphereToWorldSpace_e13": 0.030104506760835649,
        "sphereToWorldSpace_e20": -0.24132323265075684,
        "sphereToWorldSpace_e21": 0.010670446790754795,
        "sphereToWorldSpace_e22": 0.05139577016234398,
        "sphereToWorldSpace_e23": -0.05176260694861412,
        "worldToScreenSpace_e00": 3.1707839965820314,
        "worldToScreenSpace_e01": 14.16052532196045,
        "worldToScreenSpace_e02": 4.358227252960205,
        "worldToScreenSpace_e03": 0.14838773012161256,
        "worldToScreenSpace_e10": -14.56839370727539,
        "worldToScreenSpace_e11": 0.673783540725708,
        "worldToScreenSpace_e12": 8.409863471984864,
        "worldToScreenSpace_e13": -1.2298269271850587,
        "worldToScreenSpace_e20": 0.45536044239997866,
        "worldToScreenSpace_e21": -0.35345637798309328,
        "worldToScreenSpace_e22": 0.817138671875,
        "worldToScreenSpace_e23": 0.01632288470864296
    },
    "rightEye": {
        "ellipseMinorAxis": 0.24494899809360505,
        "ellipseMajorAxis": 0.3099985122680664,
        "screenForward_x": -0.44452327489852908,
        "screenForward_y": -0.34595319628715517,
        "screenForward_z": 0.8262660503387451,
        "screenPosition_x": 0.07372219115495682,
        "screenPosition_y": 0.0005832202732563019,
        "screenPosition_z": 0.019986726343631746,
        "eyePosition_x": 0.03200000151991844,
        "eyePosition_y": 0.0,
        "eyePosition_z": 0.0,
        "cameraProjection_x": -0.699999988079071,
        "cameraProjection_y": 0.699999988079071,
        "cameraProjection_z": -1.4299999475479127,
        "cameraProjection_w": 0.30000001192092898,
        "sphereToWorldSpace_e00": 0.05206850543618202,
        "sphereToWorldSpace_e01": -0.06139339879155159,
        "sphereToWorldSpace_e02": -0.2927796542644501,
        "sphereToWorldSpace_e03": 0.11543531715869904,
        "sphereToWorldSpace_e10": 0.0,
        "sphereToWorldSpace_e11": 0.23675407469272614,
        "sphereToWorldSpace_e12": -0.07951446622610092,
        "sphereToWorldSpace_e13": 0.031596094369888309,
        "sphereToWorldSpace_e20": 0.23935094475746156,
        "sphereToWorldSpace_e21": 0.013355543836951256,
        "sphereToWorldSpace_e22": 0.0636914074420929,
        "sphereToWorldSpace_e23": -0.05539942905306816,
        "worldToScreenSpace_e00": -3.207488536834717,
        "worldToScreenSpace_e01": 14.194775581359864,
        "worldToScreenSpace_e02": 4.217678070068359,
        "worldToScreenSpace_e03": 0.1438867449760437,
        "worldToScreenSpace_e10": -14.653090476989746,
        "worldToScreenSpace_e11": -0.8615384101867676,
        "worldToScreenSpace_e12": -8.243940353393555,
        "worldToScreenSpace_e13": 1.2455298900604249,
        "worldToScreenSpace_e20": -0.4445231258869171,
        "worldToScreenSpace_e21": -0.3459530472755432,
        "worldToScreenSpace_e22": 0.8262660503387451,
        "worldToScreenSpace_e23": 0.016458623111248018
    }
}